id;receiving_department;receiving_user;title;json;send_time;type
1;Arkansas reciprocal;Mountain Malaysia supply-chains;Borders hack;Pants;2019-11-13T12:16:10;Markdown
2;tertiary;Indonesia auxiliary;Pizza bus withdrawal;Cyprus;2019-11-14T02:51:32;Oa
3;Checking Account;multi-byte Salad;Idaho bandwidth;Visionary pixel SAS;2019-11-13T13:01:38;Markdown
4;Senior;deposit;fuchsia Music Salad;withdrawal circuit;2019-11-13T11:05:51;Markdown
5;Computers generating;users Guinea;SQL lavender;transmit Wooden COM;2019-11-13T21:15:14;ActionCard
6;optimal Peru;incentivize purple;navigating Liaison;Corporate Lari;2019-11-13T16:33:21;Oa
7;generating;actuating India;Buckinghamshire microchip;Games;2019-11-14T05:40:01;File
8;Money Market Account Credit Card Account withdrawal;Virginia;niches drive Ireland;strategic;2019-11-13T09:56:43;ActionCard
9;compressing action-items;monitor methodology West Virginia;reintermediate Factors;sensor;2019-11-14T03:47:37;Markdown
10;Auto Loan Account;indexing;Savings Account extensible connect;robust;2019-11-14T00:30:55;Oa
