id;attached_process_instance_ids;biz_action;business_id;create_time;finish_time;operation_records;originator_dept_id;originator_dept_name;originator_userid;result;status;tasks;title
1;system Gorgeous Rubber Pants;hack;leading-edge;2019-11-14T06:44:56;2019-11-14T07:50:53;Incredible Fresh Chips;Shoes Music connect;Hollow Shoes systems;Generic Frozen Tuna HTTP;implement;Optimization Cambridgeshire;payment Soap;Web
2;Outdoors New York Data;Jamaican Dollar North Carolina;Station;2019-11-13T19:51:27;2019-11-13T13:15:25;Investment Account parsing invoice;black;yellow;Books Generic;robust withdrawal generate;Garden open-source hybrid;Solomon Islands Dollar;Personal Loan Account HTTP
3;schemas Specialist China;quantify multi-byte;interface Cotton Robust;2019-11-13T19:01:09;2019-11-14T00:46:22;Infrastructure SSL bandwidth;application Configurable iterate;Berkshire navigating;superstructure;streamline;Interactions;Fantastic time-frame Quality;Borders Borders Practical
4;methodical;Pakistan;parse;2019-11-13T13:57:16;2019-11-13T14:12:04;Wooden Optimization Associate;Austria mindshare EXE;bandwidth Liaison;program Auto Loan Account Refined;infomediaries;Fantastic Fresh Salad;Steel Avon Visionary;exploit transition
5;User-centric Principal Pennsylvania;repurpose Sleek;mesh system Triple-buffered;2019-11-14T01:01:34;2019-11-14T06:17:00;Bedfordshire Tools;Arizona hack;Fresh payment synthesize;Versatile seize;asymmetric EXE;web services;Industrial Designer Incredible Fresh Car;Principal Senior
6;Paraguay;Sleek Tuna magenta;Wells;2019-11-13T17:53:27;2019-11-13T16:13:34;iterate protocol;web-enabled Brand Regional;Generic B2B;olive;facilitate Persevering;Fantastic;zero defect Ridges Beauty;groupware
7;Credit Card Account clear-thinking Frozen;parsing;models New Mexico District;2019-11-14T06:57:58;2019-11-13T10:34:01;EXE Rustic Steel Shirt drive;Ways Liaison engage;disintermediate Assistant generating;Practical Steel Shirt Plastic Movies;SMS;Zimbabwe parse Customer;input Accounts;enhance Multi-channelled purple
8;Response;white SMTP;Checking Account global Steel;2019-11-13T16:50:04;2019-11-13T20:59:47;Springs connecting;SAS;Planner Refined;engage Granite Grocery;bluetooth payment digital;Rubber Industrial seamless;withdrawal Jamaica;International
9;Luxembourg Spurs;empower Home Loan Account SMS;back-end Via indexing;2019-11-13T14:29:54;2019-11-14T02:45:15;Canyon;Investment Account frictionless orchid;Future-proofed Awesome;Creek;Shirt Metal;Mouse Rupiah;Human Mission;Officer Savings Account Automated
10;Pants even-keeled Chair;Brazil;Island cyan;2019-11-14T00:12:35;2019-11-14T05:51:44;open architecture alliance;online;Bulgarian Lev Cambridgeshire;Regional;Home;primary quantify Chips;Guyana;Bedfordshire Auto Loan Account back-end
