id;receiving_department;receiving_user;title;json;execute_time;status
1;Mobility;Arizona synthesizing Fresh;override back-end hacking;open-source;2019-11-13T16:59:15;NotSentYet
2;whiteboard indexing;interface Central;intranet index;Idaho customized;2019-11-13T23:33:24;NotSentYet
3;experiences;Credit Card Account;Belize Dollar Bacon;Investment Account Rwanda Customer;2019-11-13T14:01:34;NotSentYet
4;Electronics;application Cambridgeshire;scalable connecting Fantastic;Creek Investment Account Buckinghamshire;2019-11-13T19:59:44;SentSuccessfully
5;synthesize Baby Credit Card Account;Portugal Persistent;hacking Interactions;Idaho strategize;2019-11-13T21:51:51;SentSuccessfully
6;Connecticut Avon Money Market Account;bus;Security Virginia;solid state Clothing deposit;2019-11-13T14:26:33;SentSuccessfully
7;programming District Wooden;Officer;yellow programming strategy;Czech Republic;2019-11-13T18:45:42;NotSentYet
8;Kids leading-edge synergize;JSON National;interactive capacitor;Idaho Grocery;2019-11-13T11:02:47;NotSentYet
9;Table Automotive;integrated;modular red;payment;2019-11-14T04:40:46;SentSuccessfully
10;Officer Bedfordshire;application scale;indigo National;Expressway;2019-11-13T17:57:10;NotSentYet
